{
  "spec": {
    "inner_corners": {
      "width": 7,
      "height": 7
    },
    "square_size_mm": 25.0
  },
  "sample_count": 12,
  "left": {
    "image_size": {
      "width": 640,
      "height": 480
    },
    "camera_matrix": [
      [
        540.881840502833,
        0.0,
        322.0995956305771
      ],
      [
        0.0,
        539.3130419482358,
        238.24191475915623
      ],
      [
        0.0,
        0.0,
        1.0
      ]
    ],
    "distortion": [
      -0.004774151156991216,
      -0.11040180339670465,
      0.004930570471112759,
      -0.005976321036079866,
      0.10329879573680319
    ],
    "reprojection_error": 0.17652245668039968
  },
  "right": {
    "image_size": {
      "width": 640,
      "height": 360
    },
    "camera_matrix": [
      [
        495.5256155412783,
        0.0,
        309.6164605469714
      ],
      [
        0.0,
        493.50111130314855,
        182.30598490775958
      ],
      [
        0.0,
        0.0,
        1.0
      ]
    ],
    "distortion": [
      -0.02480117604942299,
      -0.05142756406666643,
      0.00729992441839408,
      -0.006664441374791489,
      0.08280313422473687
    ],
    "reprojection_error": 0.5219017825201067
  },
  "rotation": [
    [
      0.9999785070416686,
      0.006445736162889901,
      0.0011991413737158045
    ],
    [
      -0.006449123804132343,
      0.9999751628504515,
      0.002842971046618489
    ],
    [
      -0.0011807865491769557,
      -0.0028506433539379895,
      0.9999952397764671
    ]
  ],
  "translation": [
    27.1409848008789,
    -0.028456241475541526,
    -9.504009753056268
  ],
  "essential": [
    [
      -0.06125893478596668,
      9.503854819140361,
      -0.001436481462752489
    ],
    [
      -9.47175777398637,
      0.016108928584224316,
      -27.15225225503543
    ],
    [
      -0.146579941280213,
      27.140494117605247,
      0.07719515702210496
    ]
  ],
  "fundamental": [
    [
      1.7938053549231518e-7,
      -0.000027910469804291924,
      0.006593940510978845
    ],
    [
      0.000027849309598919405,
      -4.750200972998966e-8,
      0.03422200744196722
    ],
    [
      -0.004919945247730158,
      -0.030845626346079496,
      1.0
    ]
  ],
  "stereo_reprojection_error": 0.41127845507217087,
  "per_view_errors": [
    0.19748000690310263,
    0.19735578614266613,
    0.1295564143760879,
    0.2376963080943607,
    0.21653595752799995,
    0.2651033303418218,
    0.28153166938035745,
    0.40272661316470615,
    0.25563107536006596,
    1.569880900950873,
    0.16378084468579862,
    0.17577787665225922,
    0.17133455101399198,
    0.15205429091335962,
    0.21123767403949842,
    0.20728114888388172,
    0.26635466584693274,
    0.24269181221878913,
    0.20743354894681784,
    0.4683234464776652,
    0.2285542745068363,
    0.5459172292116146,
    0.20966360946414456,
    0.18886879265561266
  ]
}